learning_rate_mean,n_estimators_mean,r2_mean,r2_mad,RMSE_mean,RMSE_mad,MSE_mean,MSE_mad,cv,time_mean
0.06733333333333333,163,0.9960875463845329,0.002363766095773127,0.5343310116158818,0.17509798251389488,0.3302875976992941,0.19954808466215596,5.0,277.43926351806635
