,learning_rate,n_estimators,r2,RMSE,MSE,cv,time
0,0.04000000000000001,190.0,0.9935750616545912,0.7364716175455358,0.542390443450138,2.0,132.879029103
1,0.06000000000000001,180.0,0.9970783467510693,0.4966333360910754,0.24664467051695108,2.0,124.72609283599922
