,learning_rate,n_estimators,r2,RMSE,MSE,cv,time
0,0.09000000000000001,100.0,0.993870067826887,0.00997485796657035,9.949779145325196e-05,5.0,270.01387902800343
