alpha_mean,r2_mean,r2_mad,RMSE_mean,RMSE_mad,MSE_mean,MSE_mad,cv,time_mean
0.003596338503997733,0.7405993139648613,2.8528575591398504e-06,4.679582329284667,2.573376669466517e-05,21.898490781691276,0.00024083696890275045,10.0,0.056878710399951134
