alpha_mean,tol_mean,r2_mean,r2_mad,RMSE_mean,RMSE_mad,MSE_mean,MSE_mad,cv,time_mean
0.31622776601683783,1.0000000000000004e-05,0.7406178970790832,2.220446049250313e-16,4.67941470735782,8.881784197001252e-16,21.89692200343666,3.552713678800501e-15,10.0,3.1066942395666652
