alpha_mean,r2_mean,r2_mad,RMSE_mean,RMSE_mad,MSE_mean,MSE_mad,cv,time_mean
0.002528557759673634,0.8214322172005776,3.275450375487635e-05,3.293974405512185,0.0003021095040008692,10.850267480465567,0.00199025334446515,10.0,0.05420006593332495
