alpha_mean,tol_mean,r2_mean,r2_mad,RMSE_mean,RMSE_mad,MSE_mean,MSE_mad,cv,time_mean
0.008969390115661106,0.16200875756883856,0.6003244530067425,0.03738739455137252,0.08032743157298566,0.0037879088222759543,0.006487320430415831,0.0006068522588829439,10.0,2.930275413633414
