alpha_mean,tol_mean,r2_mean,r2_mad,RMSE_mean,RMSE_mad,MSE_mean,MSE_mad,cv,time_mean
0.31622776601683783,1.0000000000000004e-05,0.865433236224412,2.220446049250313e-16,0.04673559648003502,2.0816681711721685e-17,0.0021842159783446013,1.3010426069826053e-18,10.0,3.0609870460000215
